Description,YouTube Link
"Posture corrector belts <b>ensure that your back, neck and shoulders are aligned properly</b>.\n\nThese belts prevent drooping shoulders and even avoid the neck pain that can happen while sitting in front of your sewing machine for a long time.\n\nhttps://youtu.be/PTvZ_aQ9tm4",https://youtu.be/PTvZ_aQ9tm4
"This foot does everything from regular sewing, topstitching, fixing regular zippers and invisible zippers, sewing cording, sewing elastic bands, attaching appliques and more.\n\nTeflon (non-stick) foot is <b>used to sew fabrics such as leather, plastic, vinyl and oilcloth</b>. The slick surface on the Non-Stick Foot's underside allows for effortless glide on those tricky fabrics.\n\nWorks on industrial sewing machines only.\n\nhttps://youtu.be/PxJoa6T2rtI",https://youtu.be/PxJoa6T2rtI
"Posture corrector belts <b>ensure that your back, neck and shoulders are aligned properly</b>.\n\nThese belts prevent drooping shoulders and even avoid the neck pain that can happen while sitting in front of your sewing machine for a long time.\n\nhttps://youtu.be/PTvZ_aQ9tm4",https://youtu.be/PTvZ_aQ9tm4
"Posture corrector belts <b>ensure that your back, neck and shoulders are aligned properly</b>.\n\nThese belts prevent drooping shoulders and even avoid the neck pain that can happen while sitting in front of your sewing machine for a long time.\n\nhttps://youtu.be/PTvZ_aQ9tm4",https://youtu.be/PTvZ_aQ9tm4
"Posture corrector belts <b>ensure that your back, neck and shoulders are aligned properly</b>.\n\nThese belts prevent drooping shoulders and even avoid the neck pain that can happen while sitting in front of your sewing machine for a long time.\n\nhttps://youtu.be/PTvZ_aQ9tm4",https://youtu.be/PTvZ_aQ9tm4
"Posture corrector belts <b>ensure that your back, neck and shoulders are aligned properly</b>.\n\nThese belts prevent drooping shoulders and even avoid the neck pain that can happen while sitting in front of your sewing machine for a long time.\n\nhttps://youtu.be/PTvZ_aQ9tm4",https://youtu.be/PTvZ_aQ9tm4
"Posture corrector belts <b>ensure that your back, neck and shoulders are aligned properly</b>.\n\nThese belts prevent drooping shoulders and even avoid the neck pain that can happen while sitting in front of your sewing machine for a long time.\n\nhttps://youtu.be/PTvZ_aQ9tm4",https://youtu.be/PTvZ_aQ9tm4
"This high quality glue sheet is a very large sheet you can cut into shapes and strips suitable for your project.\n\nIt is very effective, strong bond. Use hot iron to fix this glue.\n\nSize is 72"" by 45""\n\nhttps://youtu.be/_r6QUwnivGY",https://youtu.be/_r6QUwnivGY
"[embed]https://youtu.be/VbLtq2NLrpc[/embed]\n\n<span class=""a-list-item"">This semi-automatic eyelet machine takes all of the hard work out of setting eyelets/grommets, Compatible with 8mm, self-punching eyelets (available separately). </span>\n\n<span class=""a-list-item"">In one action, the machine will punch a hole and affix 6mm eyelets to your chosen fabric. With minimal effort, up to 1800 eyelets can be set per hour</span>\n\n<span class=""a-list-item"">Hopper holds up to 500 eyelets at any time, Extra-deep throat depth of 165mm, Powder-coated iron construction.</span>\n\n<span class=""a-list-item"">It’s an incredibly time-efficient machine that puts an end to having to set a grommet on a die before every use. Simply pour the eyelets into the hopper and they will automatically feed down the channel. When you pull down on the lever, the die ‘picks up’ an eyelet before fixing to the fabric. Once finished, the next eyelet will slide into place</span>\n\n<span class=""a-list-item"">Easy to use thanks to its extra-long handle and soft-touch grip, Set on rollers, it can easily be moved along the length of whatever you’re fixing grommets</span>\n\n<span class=""a-list-item"">The perfect machine for your corsets, DIY projects, leathercraft, handbag, clothing, scrapbooking, documents and much more, Ideal for home or professional use.</span>",https://youtu.be/VbLtq2NLrpc
"<h1 id=""title"" class=""a-size-large a-spacing-none""><span id=""productTitle"" class=""a-size-large product-title-word-break"">Seam presser tool for flattening fabrics.</span></h1>\n<span class=""a-list-item"">Made with high quality materials, excellent texture, can not be easily damaged. </span>\n\n<span class=""a-list-item"">It is well manufactured with premium material for durable and long-lasting use.</span>\n\n<span class=""a-list-item"">With a handle design, it is a great tailor tool for your to use in daily life.</span>\n\n<span class=""a-list-item"">It has proper weight for holding down the fabric. it would be a nice helper for you.</span>\n\nhttps://youtu.be/uqtp4BpSkE8",https://youtu.be/uqtp4BpSkE8
"A pack contains 1000 pieces of 8mm eyelets compatible with semi automatic eyelet machine.\n\nhttps://youtu.be/VbLtq2NLrpc",https://youtu.be/VbLtq2NLrpc
"This attachment works on an industrial sewing machine to help you fold and sew your precut bias strips to your sewing projects. Use it to tape your neckline, armhole, seam finishes, and other parts of your garment.\n\nhttps://youtu.be/SRhxQ3gfsBA",https://youtu.be/SRhxQ3gfsBA
