Name,YouTube Link
Wrist Pincushion,https://youtube.com/shorts/b6XUnT3VMV0?feature=share
Wooden Seam Ripper,https://youtube.com/shorts/AHHjMPPzusk?feature=share
Wooden Pincushion,https://youtube.com/shorts/MJfJomDQgMs?feature=share
Wonder Tape,https://youtube.com/shorts/kaE3prptQdU?feature=share
Universal Buttonhole Attachment,https://youtube.com/shorts/nJ1BOGzVULk?feature=share
Universal Seam Guide,https://youtube.com/shorts/hkcZtrXh50o?feature=share
Tambour Embroidery Hoop Stand,https://youtube.com/shorts/BggZeaM7cX0?feature=share
Triangle Pinking Shears,https://youtube.com/shorts/fkxDnZJt3yI?feature=share
Tailor’s Pen Chalk,https://youtube.com/shorts/pgzAiOqJ22g?feature=share[/embed]
Tag Gun,https://youtube.com/shorts/C_cicdiQ4Jk?feature=share
Tag Barbs,https://youtube.com/shorts/C_cicdiQ4Jk?feature=share
Tabletop Twin Needle,https://youtube.com/shorts/1zoKTlC_hy4?feature=share
Domestic Ruffler Foot,https://youtube.com/shorts/pG_e7fx-0Ww?feature=share
Tabletop Pintuck Foot + Twin Needle,https://youtube.com/shorts/iz-rzRw-GXU?feature=share[/embed]
Tabletop Pintuck Foot,https://youtube.com/shorts/cUH_BN1dK3k?feature=share
Tabletop Side Cutter Foot,https://youtube.com/shorts/M1_CXi5_zdc?feature=share
Tabletop One Step Buttonhole Foot,https://youtube.com/shorts/Lz0bWcKgXso?feature=share
Tabletop Flower Stitch Foot,https://youtube.com/shorts/1pfyLi1FfIU?feature=share
Stitch Ripper,https://youtube.com/shorts/NG2crVC-6sI?feature=share
Snap Plier,https://youtube.com/shorts/-qacpV3zN3g
Small Steel Seam Roller,https://youtube.com/shorts/UJkGbi4pGs4
1cm Black Single Sided Hem Tape,https://youtube.com/shorts/YTiaFQ3a6e0?feature=share
Sew Glue,https://youtube.com/shorts/2R0juB89MfA?feature=share
45mm Rotary Cutter,https://youtube.com/shorts/saKaZebDRFo?feature=share
45mm Rotary Blade,https://youtube.com/shorts/saKaZebDRFo?feature=share
Industrial Cording Compensating Foot,https://youtube.com/shorts/vMHF7MDgeMo?feature=share
"11"" Red Carbon Scissors",https://youtube.com/shorts/9nIDyS5Ai28?feature=share
Strong Industrial Scissors,https://youtube.com/shorts/QMBqpkSpyUY?feature=share
Pressing Iron Teflon Mat,https://youtube.com/shorts/Fl8mjdECgpM?feature=share
Small Size Posture Corrector,https://youtu.be/PTvZ_aQ9tm4
Plum Head Sewing Pin,https://youtube.com/shorts/38WlWQv6DXA?feature=share
Plastic Snap Plier Set,https://youtube.com/shorts/NCV0oCCG_gA?feature=share
Pearl Setting Machine,https://youtube.com/shorts/723JQt7haaA?feature=share
Gold Pearl Rivet,https://youtube.com/shorts/723JQt7haaA?feature=share
Pattern Notcher,https://youtube.com/shorts/niVWrda0Btk?feature=share
Sewing Machine Thread Cutter,https://youtube.com/shorts/RKNMVJC9UB4?feature=share
Loop Turner,https://youtube.com/shorts/gXdEJGkgpWk?feature=share
Long Stone Picker,https://youtube.com/shorts/GTc7Jop_PAI
Large Seam Ripper,https://youtube.com/shorts/AHHjMPPzusk?feature=share
Jean Button Dies Set,https://youtube.com/shorts/JTP-bUIp1lA?feature=share[/embed]
Ironing Mesh,https://youtube.com/shorts/KFEPOqfoFtY?feature=share
Industrial Invisible Compensating Foot,https://youtube.com/shorts/3tyL_1UTYnQ[/embed]
Industrial Walking Foot,https://youtube.com/shorts/qsyXkDmITlk?feature=share
Industrial Upper Zipper Foot,https://youtube.com/shorts/J6tX8D9pRZI?feature=share
Industrial Unilateral Invisible Zipper Foot,https://youtube.com/shorts/N51qlm95s1E?feature=share
Industrial Slim Foot,https://youtube.com/shorts/y6G_VPNB-74?feature=share
Industrial Single Rod Quilt Foot,https://youtube.com/shorts/jmGGrmcS870
Industrial Sewing Machine Long LED Light,https://youtube.com/shorts/UlHbSvF3blM?feature=share
Industrial Ruffler Foot,https://youtube.com/shorts/cJ3uG6I_jRE?feature=share
Industrial Right Compensating Foot,https://youtube.com/shorts/x94a8tMFzKc?feature=share
Industrial P5W Gathering Foot,https://youtube.com/shorts/hMVi7_TcS_Y?feature=share
Industrial P5 Gathering Foot,https://youtube.com/shorts/K0smYEFO8wA?feature=share
Industrial Machine Regular Foot,https://youtube.com/shorts/IWbIi9JmFXg?feature=share
Industrial Sewing Machine Versatile Needle Screw,https://youtube.com/shorts/pi072bl6hbo?feature=share
Industrial Left & Right Zipper Foot,https://youtube.com/shorts/S0NZ7UhMGCE?feature=share
Industrial Flatlock Foot,https://youtube.com/shorts/eK4Gqf4Jzfc?feature=share
Industrial Elastic Foot,https://youtube.com/shorts/ZyIc6GTBVxc?feature=share
Industrial 2in1 Gathering Foot,https://youtube.com/shorts/ayAfNkQzo_w?feature=share
Hot Scissors,https://youtube.com/shorts/TGzQggBS8_M?feature=share
Heart Magnetic Wrist Pin Holder,https://youtube.com/shorts/FHgjkC3VgjY?feature=share
Gravity Steam Iron +Teflon Cover,https://youtube.com/shorts/1__3yFTtVbw?feature=share
Glass Head Sewing Pin,https://youtube.com/shorts/cQjpC3Pzb20?feature=share
Foldable Garment Steamer,https://youtube.com/shorts/Xi48EZzCUm8?feature=share
Flat Garment Steamer,https://youtube.com/shorts/OcEJrLlKRzI?feature=share
Electric Fabric Shaver,https://youtube.com/shorts/aPgwwVEjsPQ?feature=share
Easy Change Screw,https://youtube.com/shorts/zBtHxcj_gUU?feature=share
Double Bladed Thread Cutter,https://youtube.com/shorts/Pjzf3yNkPZM?feature=share
Diamond Head Sewing Pin,https://youtube.com/shorts/EsyEaw2VfrU?feature=share[/embed]
Gold Cylinder Rivet,https://youtube.com/shorts/723JQt7haaA?feature=share
Butterfly Sewing Pin,https://youtube.com/shorts/iT6KdRa9Q6Q?feature=share
Boxed Bias Tape Maker Set,https://youtube.com/shorts/KAN0HcufKD0?feature=share[/embed]
Bodkin,https://youtube.com/shorts/Q0JE8I3-SnQ?feature=share
Blackhead Manual Machine Gathering Foot,https://youtube.com/shorts/EeXtIy3IgyY?feature=share
Big Steel Seam Roller,https://youtube.com/shorts/UJkGbi4pGs4
Automatic Needle Threader,https://youtube.com/shorts/Ygh7lABFfuo[/embed]
Adjustable Soldering Iron,https://youtube.com/shorts/RjyLqM8PUeo?feature=share
Cream 6mm Pearls + Pins,https://youtube.com/shorts/723JQt7haaA
Industrial Hemming Attachment Set,https://youtube.com/shorts/vuaK7fDO1n0?feature=share
50 Pieces Brown Pattern Paper,https://youtube.com/shorts/HNNR7d9dp8c?feature=share
4pcs Industrial Bias Attachment Set,https://youtube.com/shorts/ZOphxpsnY38?feature=share
4pcs Heat Erasable Pen,https://youtube.com/shorts/3810vK1Oqyk?feature=share
Cream 4mm Pearls +Pins,https://youtube.com/shorts/723JQt7haaA
Adjustable Cording Binder Attachment,https://youtube.com/shorts/TEfevh3kQaI?feature=share
3 Pieces Eyelet Plier Set,https://youtube.com/shorts/4I_iEGA91G0
30 Pieces Tailor's chalk,https://youtube.com/shorts/CO_HRxCbXBw?feature=share
2in1 Eyelet Plier,https://youtube.com/shorts/8zHcz6qaRVk?feature=share
25 Pieces Brown Pattern Paper,https://youtube.com/shorts/HNNR7d9dp8c?feature=share
20 Meter German Tracing Paper Roll,https://youtube.com/shorts/LWShpJ8YEpY?feature=share
100 Pieces Brown Pattern Paper,https://youtube.com/shorts/HNNR7d9dp8c?feature=share
Cordless Rechargeable Electric Scissors,https://youtube.com/shorts/Hz3XYvPveys?feature=share
Automatic Rhinestone Machine,https://youtube.com/shorts/4_Gtmzofg_w?feature=share
Silver Cylinder Rivet,https://youtube.com/shorts/723JQt7haaA?feature=share
Silver Pearl Rivet,https://youtube.com/shorts/723JQt7haaA?feature=share
1cm White Single Sided Hem Tape,https://youtube.com/shorts/6AJV2vy31lM?feature=share[/embed]
White 4mm Pearls +Pins,https://youtube.com/shorts/723JQt7haaA
Black 6mm Pearls + Pins,https://youtube.com/shorts/723JQt7haaA
Grey 6mm Pearls + Pins,https://youtube.com/shorts/723JQt7haaA
Gold 6mm Pearls + Pins,https://youtube.com/shorts/723JQt7haaA
Silver 6mm Pearls + Pins,https://youtube.com/shorts/723JQt7haaA
Titanium Tailor's Scissors,https://youtube.com/shorts/rA1iI7EEmJs?feature=share
8mm Cream Pearls + Pins,https://youtube.com/shorts/723JQt7haaA
8mm Silver Pearls + Pins,https://youtube.com/shorts/723JQt7haaA
8mm Gold Pearls + Pins,https://youtube.com/shorts/723JQt7haaA
8mm Offwhite Pearls + Pins,https://youtube.com/shorts/723JQt7haaA
Turquoise Blue 6mm Pearls + Pins,https://youtube.com/shorts/723JQt7haaA[/embed]
Fuchsia Pink 6mm Pearls + Pins,https://youtube.com/shorts/723JQt7haaA[/embed]
Brown 6mm Pearls + Pins,https://youtube.com/shorts/723JQt7haaA[/embed]
Burnt Orange 6mm Pearls + Pins,https://youtube.com/shorts/723JQt7haaA[/embed]
Industrial Bobbin Winder,https://youtube.com/shorts/KCCSO1jaLjM?feature=share
Mint Green 6mm Pearls + Pins,https://youtube.com/shorts/723JQt7haaA[/embed]
Multifunction Snap Plier,https://youtube.com/shorts/BoGAiu-LmO8?feature=share
Pearl Pin,https://youtube.com/shorts/723JQt7haaA
Tailor's Ham Set,https://youtube.com/shorts/fdpmf_aAgOQ?feature=share
Zigzag Attachment,https://youtube.com/shorts/YOde33DWqPg?feature=share
Universal Teflon Cover,https://youtube.com/shorts/x43ImPpIZeM?feature=share
Thumb Lapel Turner,https://youtube.com/shorts/hc98p5y76cU?feature=share
Orange Long Screwdriver Set,https://youtube.com/shorts/da5XAcIOorg?feature=share
Spool Stand,https://youtube.com/shorts/lHsNYtdMN_M?feature=share
Pearl Head Sewing Pin,https://youtube.com/shorts/c_j7M72S1BQ?feature=share
Lint Roller,https://youtube.com/shorts/GbK9GPFBLTk[/embed]
Overlock Seam Guide,https://youtube.com/shorts/CzV3j0497xg?feature=share[/embed]
Deli Keychain Retractable Tape,https://youtube.com/shorts/WxxLH5A7vMw?feature=share
Lilac Snow Rivet,https://youtube.com/shorts/t4yd963U6Og
Royal Blue Snow Rivet,https://youtube.com/shorts/723JQt7haaA?feature=share
Red Snow Rivet,https://youtube.com/shorts/t4yd963U6Og
Pink Snow Rivet,https://youtube.com/shorts/723JQt7haaA?feature=share
Plum Seam Guide,https://youtube.com/shorts/aOBh_OyK-ls?feature=share
Ironing Table Cloth,https://youtube.com/shorts/uWKtClPJM7g?feature=share
Tailor's Scissors Set,https://youtube.com/shorts/cj1K3SLGQUo
Industrial Side Cutter Foot,https://youtube.com/shorts/AKamjpeEj9g?feature=share
Automatic Bead Spinner,https://youtube.com/shorts/sgKKMJYrDK8?feature=share
Needle Plate Hemmer,https://youtube.com/shorts/ta3EZVOZ2OY?feature=share
Animal Character Retractable Tape,https://youtube.com/shorts/Po1rjO7AaPg?feature=share
Weitejie Steam Iron + Teflon Cover,https://youtube.com/shorts/JkcEtr5oYxA?feature=share
Invisible Chalk,https://youtube.com/shorts/LDeWWkIozmw?feature=share
Coverstitch Adjustable Folder,https://youtube.com/shorts/o7j3ZZQEM60[/embed]
Industrial Satin Hemmer Foot Set,https://youtube.com/shorts/_dPA-SNes3s
Adjustable Hemmer,https://youtube.com/shorts/SD7jdvVOokQ?feature=share[/embed]
Simple Cording Attachment,https://youtube.com/shorts/UeXAFBjrQPo
Bilateral Compensating Foot,https://youtube.com/shorts/63Q0ewsGPRc?feature=share
Type A Serrated Rotary Blade,https://youtube.com/shorts/osf1QJAeXAc?feature=share
Type B Serrated Rotary Blade,https://youtube.com/shorts/osf1QJAeXAc?feature=share
Type C Serrated Rotary Blade,https://youtube.com/shorts/osf1QJAeXAc?feature=share
Type D Serrated Rotary Blade,https://youtube.com/shorts/osf1QJAeXAc?feature=share
Round Medium Seam Ripper,https://youtube.com/shorts/AHHjMPPzusk?feature=share
Flat Medium Seam Ripper,https://youtube.com/shorts/AHHjMPPzusk?feature=share
Silver Irregular Metal Button,https://youtube.com/shorts/vWmzYCe5tmQ
Diamond Eyelet Dies,https://youtube.com/shorts/FljAfcL2R-U?feature=share
Round Overhead LED Lamp,https://youtube.com/shorts/VlgDoNsP2a4[/embed]
Industrial Special Collar Foot,https://youtube.com/shorts/4tmhFfdMX2g?feature=share
Handheld Raf Garment Steamer,https://youtube.com/shorts/ilBsNAd48lA?feature=share
Singer Confidence 7640 Tabletop Sewing Machine,https://youtube.com/shorts/a-BJSaxpZhE?feature=share
Singer Heavy Duty 4423 Tabletop Sewing Machine,https://youtube.com/shorts/KwKfRuiZlfA[/embed]</li>
Brother JA007 Tabletop Sewing Machine,https://youtube.com/shorts/8T3dtlh-i0Q?feature=share[/embed]
Haeger Ceramic Steam Iron,https://youtube.com/shorts/HnarYUyTy_I?feature=share
Raf Standard Garment Steamer,https://youtube.com/shorts/yWegSR9QvwA?feature=share
Gold Female Mannequin,https://youtube.com/shorts/VCxRqcKiTD4?feature=share
Hinged Special Thick Foot,https://youtube.com/shorts/CbtKFkJM8pw?feature=share
Double Layer Seaming Attachment,https://youtube.com/shorts/9qy7SfyEvo4?feature=share
Industrial Emel 8500 Sewing Machine,https://youtube.com/shorts/qlQI0Cp2Bxw
7 Pieces Acrylic Plastic Ruler Set,https://youtube.com/shorts/5bp10a3QmKg?feature=share
Rainbow Sunflower Rivet,https://youtube.com/shorts/t4yd963U6Og
White Sunflower Rivet,https://youtube.com/shorts/t4yd963U6Og
Rose Gold Sunflower Rivet,https://youtube.com/shorts/723JQt7haaA?feature=share
Champaign Gold Sunflower Rivet,https://youtube.com/shorts/723JQt7haaA?feature=share
Black Sunflower Rivet,https://youtube.com/shorts/723JQt7haaA?feature=share
Lemon Green Sunflower Rivet,https://youtube.com/shorts/723JQt7haaA?feature=share
Pearl Sunflower Rivet,https://youtube.com/shorts/723JQt7haaA?feature=share
Turquoise Blue Sunflower Rivet,https://youtube.com/shorts/723JQt7haaA?feature=share
Royal Blue Sunflower Rivet,https://youtube.com/shorts/723JQt7haaA?feature=share
Fuchsia Pink Sunflower Rivet,https://youtube.com/shorts/723JQt7haaA?feature=share
Red Sunflower Rivet,https://youtube.com/shorts/723JQt7haaA?feature=share
Lilac Sunflower Rivet,https://youtube.com/shorts/723JQt7haaA?feature=share
Wine Sunflower Rivet,https://youtube.com/shorts/723JQt7haaA?feature=share
Two Lion 4 Thread TL-747 Industrial Overlock Machine,https://youtube.com/shorts/mEtYBTxTgvM?feature=share
Bust Ironing Ham,https://youtube.com/shorts/uqggioIKURw?feature=share
Female Antique Mannequin,https://youtube.com/shorts/DdZK2ehdjbU?feature=share
Male Antique Mannequin,https://youtube.com/shorts/KnTo5nlbgd4?feature=share
Cage Dressform Size 8,https://youtube.com/shorts/nzWLG_AxYao[/embed]
Cage Dressform Size 10,https://youtube.com/shorts/nzWLG_AxYao[/embed]
Cage Dressform Size 12,https://youtube.com/shorts/nzWLG_AxYao[/embed]
Cage Dressform Size 14,https://youtube.com/shorts/nzWLG_AxYao[/embed]
Cage Dressform Size 16,https://youtube.com/shorts/nzWLG_AxYao[/embed]
Bressanon Rechargeable Rotary Cutter,https://youtube.com/shorts/a3n7pl7qQYg
Wooden Bead Spinner,https://youtube.com/shorts/dmINt65Yhjk?feature=share
Plastic Seam Roller,https://youtube.com/shorts/plSWtmAkF7g
Tailor’s Clapper,https://youtube.com/shorts/iSjmNN_Tat8?feature=share
Antique Bead Spinner,https://youtube.com/shorts/14fuAa3SmWQ?feature=share
Plastic Stitch Ripper,https://youtube.com/shorts/NYA0wlCpf4I?feature=share
Long Elastic Threader Set,https://youtube.com/shorts/W11_ip0uc50?feature=share
Rectangle Rhinestone Flipper,https://youtube.com/shorts/TIuR29SFYds?feature=share
Hexagon Rhinestone Flipper,https://youtube.com/shorts/TIuR29SFYds?feature=share
Overlock Tucking Needle,https://youtube.com/shorts/4EckCNOiQds?feature=share
Gold Irregular Metal Button,https://youtube.com/shorts/vWmzYCe5tmQ
Schmetz Hemstitch/Winged Needle (Size 16),https://youtube.com/shorts/6tFLfKsi724?feature=share
Thick Wooden Tambour Emroidery Hoop,https://youtube.com/shorts/pp6iU1L6BTs
Gun Metal Retro Metal Button,https://youtube.com/shorts/hwcEHSSBaTA?feature=share
Rose Gold Retro Metal Button,https://youtube.com/shorts/hwcEHSSBaTA?feature=share
Silver Retro Metal Button,https://youtube.com/shorts/hwcEHSSBaTA?feature=share
Gold Rose Metal Button,https://youtube.com/shorts/z9JrIrcReao
Champaign Gold Retro Metal Button,https://youtube.com/shorts/hwcEHSSBaTA?feature=share
Silver Rose Metal Button,https://youtube.com/shorts/z9JrIrcReao
Gray-Green Luxury Shirt Button,https://youtube.com/shorts/5IbdBvIF8sw?feature=share
Pink Luxury Shirt Button,https://youtube.com/shorts/5IbdBvIF8sw?feature=share
Bilateral Universal Seam Guide,https://youtube.com/shorts/_o3m8aOW-ck?feature=share
Leaf Stitch Unpicker,https://youtube.com/shorts/_P5WXpftAhY?feature=share
Schmetz Hemstitch/Winged Needle (Size 19),https://youtube.com/shorts/6tFLfKsi724?feature=share
Candy Sewing Machine Screwdriver Set,https://youtube.com/shorts/fJK8EfVM168?feature=share
Emel Direct Drive EM M2 Industrial Straight Sewing Machine,https://youtube.com/shorts/VGsLZIHIMA8?feature=share
Emel Direct Drive M81 Industrial Straight Sewing Machine,https://youtube.com/shorts/aIehNTmRulI?feature=share
Two Lion TL-0302 Industrial Leather Sewing Machine,https://youtube.com/shorts/5tKPZ7tAtp4
Haeger Industrial Garment Steamer,https://youtube.com/shorts/1GWv78U-ttI?feature=share
Black 42cm Automatic Mannequin Rotator/Turntable,https://youtube.com/shorts/ePZKbG03rHA?feature=share
White 42cm Automatic Mannequin Rotator/Turntable,https://youtube.com/shorts/HrAhVG9gdsA
Two Lion 26 Inches Steam Press,https://youtube.com/shorts/nzV1rhzdzKs?feature=share
Two Lion 32 Inches Steam Press,https://youtube.com/shorts/nzV1rhzdzKs?feature=share
Silver Star Gravity Steam Iron + Teflon Cover,https://youtube.com/shorts/hjHk6nB0tl0
Needle Threader,https://youtube.com/shorts/z5SJPDfRWI0?feature=share
Dragon Gold Scissors,https://youtube.com/shorts/U__fkf4KMoU?feature=share
Wide Eye Beading Needle,https://youtube.com/shorts/-ggU5E6xEUw?feature=share
Rotatable Seam Ripper,https://youtube.com/shorts/8jlmYMEer8g?feature=share
Paw Needle Threader,https://youtube.com/shorts/2V-vQvx6OwE?feature=share[/embed]
Portable Bobbin Winder,https://youtube.com/shorts/WcSkjUsSpkk?feature=share
Chilli Needle Storage,https://youtube.com/shorts/9Bs1ZJ-Z5II?feature=share
Edge Magnetic Seam Guide,https://youtube.com/shorts/-jiJR-VKDpE?feature=share[/embed]
Extra Long Sewing Pins,https://youtube.com/shorts/WI5ahFlWTW0?feature=share
Drill Rhinestone Picker,https://youtube.com/shorts/R7znL2Ff3T4?feature=share
Industrial Colored Steel Bobbins with Storage,https://youtube.com/shorts/H5xj-QOtY6o?feature=share
Industrial Hemming Foot Set,https://youtube.com/shorts/4zuUttuC7iU?feature=share[/embed]
Tailor's Pen Chalk Refill,https://youtube.com/shorts/Gtwi5FJquqY?feature=share
Upper Layer Ruffler Foot,https://youtube.com/shorts/oE86qvVfD14?feature=share
Ring Covered Button Shells,https://youtube.com/shorts/U5nzOfUNyEY?feature=share
Ring Covered Button Dies,https://youtube.com/shorts/U5nzOfUNyEY?feature=share
Gourd Pearl Sewing Pin,https://youtube.com/shorts/MZyA05IoGj0?feature=share
Button and Zip Wearer,https://youtube.com/shorts/s2h1ZS5gIMg?feature=share
Water Soluble Embroidery Interfacing,https://youtube.com/shorts/yfRIFn4SoKA?feature=share
50ml Uniseal Fabric Glue,https://youtube.com/shorts/bE_YyqEWPzQ?feature=share
100ml Uniseal Fabric Glue,https://youtube.com/shorts/bE_YyqEWPzQ?feature=share
"60"" 2Yards Hot Melt Glue Sheet",https://youtube.com/shorts/_r6QUwnivGY?feature=share
60/60'' Hot Melt Glue Sheet,https://youtube.com/shorts/_r6QUwnivGY?feature=share
Singer Heavy Duty 6335 Denim Sewing Machine,https://youtube.com/shorts/Ds5dFOfC-WQ?feature=share[/embed]</li>
Suction Ironing Stool,https://youtube.com/shorts/2krLayGtQoU?feature=share
Pattern Weight,https://youtube.com/shorts/suCqBmC8Lt8[/embed]
White Elastic Thread,https://youtube.com/shorts/PiM-ixAPUKE?feature=share
Left Handed Scissors,https://youtube.com/shorts/UJgSnktwx74?feature=share
Domestic 3in1 Universal Foot,https://youtube.com/shorts/JqZaQZmvSSM?feature=share
Magnetic Adjustable Seam Guide,https://youtube.com/shorts/A-kASf2hX7c?feature=share
T-Shirt Neckline Template,https://youtube.com/shorts/5FcVoweqhUk?feature=share
Industrial 3in1 Multifunctional Foot,https://youtube.com/shorts/agPCMpNPiIM?feature=share
Black 60cm Automatic Mannequin Rotator/Turntable,https://youtube.com/shorts/fYkQcahgpYM?feature=share
Black Elastic Thread,https://youtube.com/shorts/PiM-ixAPUKE?feature=share
Servo Electric Cutting Machine,https://youtube.com/shorts/gE7yiD72mC8?feature=share
Mace Rechargeable Rotary Cutter with Extra Blade and Storage Box,https://youtube.com/shorts/xb0SdfR1cXM[/embed]
Two Lion 60 Inches Heat Transfer Machine,https://youtube.com/shorts/3SuvG7-V8l8?feature=share
Industrial Teflon 3in1 Multifunction  Foot,https://youtu.be/PxJoa6T2rtI
Multifunction Belt Puncher,https://youtube.com/shorts/KVJEIs8A0GI?feature=share
Wooden Long Ruler,https://youtube.com/shorts/IeMMe1D1dDE?feature=share
Medium Size Posture Corrector,https://youtu.be/PTvZ_aQ9tm4
Large Posture Corrector,https://youtu.be/PTvZ_aQ9tm4
XL Posture Corrector,https://youtu.be/PTvZ_aQ9tm4
XXL Posture Corrector,https://youtu.be/PTvZ_aQ9tm4
3XL Posture Corrector,https://youtu.be/PTvZ_aQ9tm4
Fashion Style Drawing Template,https://youtube.com/shorts/RNStrth5ulc?feature=share
Child Fully Pinnable Dressform,https://youtube.com/shorts/Rs9rtqY1v2c?feature=share
Wooden Pant Curve Ruler,https://youtube.com/shorts/e0dUlIbMwvU?feature=share
Industrial 6in1 Adjustable Multipurpose Universal Foot,https://youtube.com/shorts/ISUFvKe7L-8?feature=share
Magic Fabric Oil Stain Remover Spray,https://youtube.com/shorts/mpiU_fz4rSQ?feature=share
Multi-Purpose Rolled Edge Foot,https://youtube.com/shorts/uzIk11uTG-g?feature=share
Mace Rechargeable Rotary Cutter,https://youtube.com/shorts/2HZaPJnLXqI
"Black 45"" 2Yards Hot Melt Glue Sheet",https://youtu.be/_r6QUwnivGY
Invisible Fabric Pen,https://youtube.com/shorts/tnX4oEzg6yQ?feature=share
Automatic Stone Applicator,https://youtube.com/shorts/Mo7emT47lWI?feature=share
Expandable Sewing Gauge,https://youtube.com/shorts/VV-kCp64OOA?feature=share
Round Rotating Sewing Attachment,https://youtube.com/shorts/wLMUU7Zg0wA?feature=share
Magnetic Bobbin Storage,https://youtube.com/shorts/EQ_BEUkZjmc?feature=share
Adjustable Industrial Unilateral Invisible Zipper Foot,https://youtube.com/shorts/0a9lrsWmgoo?feature=share
Teflon Bilateral Compensating Foot,https://youtube.com/shorts/UMxz9ZjooSo?feature=share
Ring Thread Cutter,https://youtube.com/shorts/3vgZfII0gIg?feature=share
Wooden Cleaning Brush,https://youtube.com/shorts/sihhsxtvSTc?feature=share
Singer 984 Automatic Zigzag Sewing Machine,https://youtube.com/shorts/1CSg829Bf94?feature=share
Cording Attachment,https://youtube.com/shorts/CyynPDhAuas?feature=share
Female BBL-Body Curvy Mannequin with Triangle Base,https://youtube.com/shorts/6n6vlpFVuGk?feature=share
Female BBL-Body Curvy Mannequin with Rolling Wheel Base,https://youtube.com/shorts/6n6vlpFVuGk?feature=share
Semi Automatic Eyelet Machine,https://youtu.be/VbLtq2NLrpc[/embed]
Cast Iron Fabric Pressing Block,https://youtu.be/uqtp4BpSkE8
8mm Eyelet Pack for Semi Automatic Eyelet Machine,https://youtu.be/VbLtq2NLrpc
Oak Tag Pattern Paper Roll,https://youtube.com/shorts/FhN8x9pL6ow?feature=share
Vintage Mini Manual Sewing Machine,https://youtube.com/shorts/FkZ98r8y5wQ?feature=share
Clover Double Tracing Wheel,https://youtube.com/shorts/wqXoT49SIOs?feature=share
Industrial Needle Plate Bias Attachment,https://youtu.be/SRhxQ3gfsBA
36mm Industrial Bias Attachment,https://youtube.com/shorts/ZOphxpsnY38?feature=share
50mm Industrial Bias Attachment,https://youtube.com/shorts/ZOphxpsnY38?feature=share
28mm Industrial Bias Attachment,https://youtube.com/shorts/ZOphxpsnY38?feature=share
9mm Diamond Eyelet Dies,https://youtube.com/shorts/FljAfcL2R-U?feature=share
14mm Diamond Eyelet Dies,https://youtube.com/shorts/FljAfcL2R-U?feature=share
White 6mm Pearls +Pins,https://youtube.com/shorts/723JQt7haaA
